Workbook

Sheet محصولات
A1: ورود گروهی موجودی تهران — محصولات فعلی + استخراج گروه عطر (25 مرداد 1405)
A2: ستون‌های عکس فقط نام فایل را می‌گیرند؛ فایل‌های عکس را کنار اکسل یا در ZIP با همین نام‌ها قرار دهید.
A4: کد محصول | B4: نام محصول | C4: توضیحات دستی | D4: قیمت خرید (دلار) | E4: سایز | F4: وزن (گرم) | G4: موقعیت | H4: دسته‌بندی | I4: عکس ۱ | J4: عکس ۲ | K4: عکس ۳ | L4: لینک تلگرام ۱ | M4: لینک تلگرام ۲ | N4: قیمت نهایی (تومان)
A5: IMP-0001 | B5: کیف دستی Mk | C5: کیف دستی Mk 90$ ۴۶۶gr ابعاد: ١٠*٢٠*٢٢ فقط رنگ سفید صورتی موجود هست برای ثبت سفارش به آیدی زیر مراجعه کنید : @f_ati_a | D5: 90 | F5: 466 | G5: کانادا | H5: کیف | I5: export_photo_1031@01-02-2026_11-43-13.jpg | N5: =D5*تنظیمات!$B$3*تنظیمات!$B$5+(F5/1000)*تنظیمات!$B$4
A6: IMP-0002 | B6: کیف دستی متوسط Mk | C6: کیف دستی متوسط Mk 690gr ❌ : ابعاد 30*23*9 99$ برای ثبت سفارش به آیدی زیر مراجعه کنید : @f_ati_a | D6: 99 | F6: 690 | G6: کانادا | H6: کیف | I6: export_photo_1035@02-02-2026_13-20-43.jpg | N6: =D6*تنظیمات!$B$3*تنظیمات!$B$5+(F6/1000)*تنظیمات!$B$4
A7: IMP-0003 | B7: پاستیل مولتی ویتامین روزانه مخصوص بزرگسالان برند ویتافیوژن مولتی ویتز 250 عددی ساخت آمریکا | C7: پاستیل مولتی ویتامین روزانه مخصوص بزرگسالان برند ویتافیوژن مولتی ویتز 250 عددی ساخت آمریکا مولتی‌ویتامین روزانه مولتی‌ویتز فیوژن یک مولتی ویتامین خوشمزه است که جایگزینی عالی و راحت برای قرص‌های سنتی و سخت بلعیده می‌شود. این پاستیل های لذت‌بخش که از ترکیبی قدرتمند از ویتامین‌ها، مواد معدنی و طعم‌های میوه ساخته شده‌اند، مملو از 12 ماده مغذی ضروری از جمله ویتامین‌های A، B، C، D، E، B6، B12، بیوتین و غیره هستند. به طور ویژه برای رفع نیازهای سلامتی بزرگسالان فرموله شده است حاوی آنتی اکسیدان ویتامین C و E 5 ویتامین B با قدرت بالا برای حمایت از انرژی سلولی بدون گلوتن، بدون لبنیات، بدون طعم دهنده های مصنوعی، بدون شربت ذرت با فروکتوز بالا و بدون رنگ های مصنوعی FD&C 250 عددی ساخت آمریکا 07/2026 انقضا 732gr 17.99$ با قیمت باورنکردنی 😱۱۰$😱😱 تقدیمتون میشه برای ثبت سفارش به آیدی زیر مراجعه کنید : @f_ati_a | D7: 10 | F7: 732 | G7: کانادا | H7: دارو و سلامتی | I7: export_photo_1038@03-02-2026_12-17-11.jpg | N7: =D7*تنظیمات!$B$3*تنظیمات!$B$5+(F7/1000)*تنظیمات!$B$4
A8: IMP-0004 | B8: کفش آدیداس | C8: کفش آدیداس 8,5 72$🤑 544gr 26,5cm ❌ برای ثبت سفارش به آیدی زیر مراجعه کنید : @f_ati_a | D8: 72 | F8: 544 | G8: کانادا | H8: کفش | I8: export_photo_1039@04-02-2026_14-24-12.jpg | N8: =D8*تنظیمات!$B$3*تنظیمات!$B$5+(F8/1000)*تنظیمات!$B$4
A9: IMP-0005 | B9: کفش Mk | C9: کفش Mk 60$ 8 464gr 8,5 458gr برای ثبت سفارش به آیدی زیر مراجعه کنید : ❌ @f_ati_a موجود تهران ✨ ارسال فوری 🚚 خرید بلک‌فرایدی کانادا 🇨🇦 قیمت استثنایی و محدود 👗 | D9: 60 | F9: 464 | G9: تهران | H9: کفش | I9: export_photo_1044@04-02-2026_14-27-38.jpg | N9: =D9*تنظیمات!$B$3*تنظیمات!$B$5+(F9/1000)*تنظیمات!$B$4
A10: IMP-0006 | B10: آشواگاندا (Ashwagandha) 🌱 | C10: آشواگاندا (Ashwagandha) 🌱 گیاه معروف آیورودایی که این روزها برای مدیریت استرس و بالا بردن کیفیت حال عمومی خیلی مورد توجهه. ✨ چرا انقدر محبوبه؟ ✅ کمک به کاهش استرس و تنش‌های روزمره ✅ کمک به بهبود خلق‌وخو و تعادل ذهنی ✅ افزایش سطح انرژی و کاهش احساس خستگی ✅ کمک به تمرکز و عملکرد ذهنی بهتر ✅ پشتیبانی از سیستم ایمنی بدن ✅ ایجاد حس سرزندگی و حالِ بهتر در طول روز ✅ کمک به بهبود کیفیت خواب 💪 در کنار این‌ها، بعضی تحقیقات نشون دادن که آشواگاندا می‌تونه در موارد زیر نقش حمایتی داشته باشه: ▫️ کمک به تنظیم قند خون و کاهش التهاب ▫️ کمک به کاهش هورمون استرس (کورتیزول) ▫️ پشتیبانی از عملکرد مغز، حافظه و یادگیری ▫️ کمک به بهبود توان بدنی و ریکاوری عضلات ▫️ کمک به تعادل هورمونی در برخی افراد ▫️ کمک به بهبود میل جنسی و انرژی عمومی 19.99$ | D10: 19.99 | G10: کانادا | H10: دارو و سلامتی | I10: export_photo_1047@08-02-2026_17-08-19.jpg | N10: =D10*تنظیمات!$B$3*تنظیمات!$B$5+(F10/1000)*تنظیمات!$B$4
A11: IMP-0007 | B11: منیزیوم سیترات | C11: منیزیوم سیترات شکلی از منیزیم با قابلیت جذب آسان برای افرادی که اسید معده کمی دارند، منحصراً در کاستکو، بدون گلوتن، کمک به رشد و حفظ سلامت استخوان‌ها و دندان‌ها، کمک به متابولیسم مواد مغذی، مواد تشکیل دهنده با کیفیت بالا، بدون رنگ یا شیرین کننده مصنوعی، غیر GMO، سازگار با سیاره زمین، آزمایش شده برای آلرژن‌ها شکلی از منیزیم با قابلیت جذب آسان برای افرادی که اسید معده کمی دارند، منحصراً در کاستکو، بدون گلوتن، کمک به... بیشتر ببینید منیزیم قابل جذب برای اسید معده کم: ایده‌آل برای افرادی که سطح اسید معده کمی دارند حمایت از سلامت استخوان و دندان: کمک به رشد و حفظ سلامت استخوان‌ها و دندان‌ها کمک به متابولیسم مواد مغذی: کمک به متابولیسم کربوهیدرات‌ها، پروتئین‌ها و چربی‌ها 34.99$ 360gr 2030 برای ثبت سفارش به آیدی زیر مراجعه کنید : @f_ati_a | D11: 34.99 | F11: 360 | G11: کانادا | H11: دارو و سلامتی | I11: export_photo_1048@09-02-2026_11-16-28.jpg | N11: =D11*تنظیمات!$B$3*تنظیمات!$B$5+(F11/1000)*تنظیمات!$B$4
A12: IMP-0008 | B12: osteo joint ease | C12: osteo joint ease ضد التهاب: ترکیب گلوکزامین و کندرویتین سولفات در کنار متیل سولفونیل متان (MSM)، منگنز، بور و هیالورونیک اسید، به تأمین بلوک‌های سازنده کلیدی که بافت مفصلی سالم را تشکیل می‌دهند، کمک می‌کند. این مواد مغذی همچنین از تجزیه نامطلوب غضروف که مشخصه آرتروز است، جلوگیری می‌کنند و به تسکین التهاب مفاصل و درد و ناراحتی آرتروز کمک می‌کنند. مسکن طبیعی درد: این فرمول نوآورانه حاوی InflamEase ثبت اختراع شده، ترکیبی هم‌افزایی از گیاهان آنتی‌اکسیدان، ضدالتهاب و تسکین‌دهنده درد (از جمله بوسولیا و کورکومین از زردچوبه) است که درد و التهاب را به سرعت تسکین می‌دهد. این یک فرمول ۱۰۰٪ طبیعی است که درد مرتبط با آرتروز را برطرف می‌کند و از تخریب غضروف محافظت می‌کند. 🌺32$ 418gr 2028 برای ثبت سفارش به آیدی زیر مراجعه کنید : @f_ati_a | D12: 32 | F12: 418 | G12: کانادا | H12: دارو و سلامتی | I12: export_photo_1049@09-02-2026_11-19-12.jpg | N12: =D12*تنظیمات!$B$3*تنظیمات!$B$5+(F12/1000)*تنظیمات!$B$4
A13: IMP-0009 | B13: قرص ویتامین D3 | C13: قرص ویتامین D3 یک D3فرموله شده با Quali-D، طبیعی ممتاز، هر قرص ویتامین D Jamieson 1000 یک واحد بین‌المللی ویتامین D ضروری را فراهم می‌کند و به بدن در جذب کلسیم کمک می‌کند و باعث رشد و رشد استخوان‌ها و دندان‌های قوی و سالم می‌شود ٧٨gr 9.99$ 9/2029 برای ثبت سفارش به آیدی زیر مراجعه کنید : @f_ati_a | D13: 9.99 | F13: 78 | G13: کانادا | H13: دارو و سلامتی | I13: export_photo_1050@09-02-2026_11-23-58.jpg | N13: =D13*تنظیمات!$B$3*تنظیمات!$B$5+(F13/1000)*تنظیمات!$B$4
A14: IMP-0010 | B14: D3450 | C14: D3450 ویتامین دی جمیسون 450 عدد Jamieson Vitamin D3 2500IU سلامت قلب و عروق بهبود خلق‌وخو و سلامت روان تقویت سیستم ایمنی کاهش خطر ابتلا به پوکی استخوان پیشگیری از کمبود ویتامین D 12$ 106gr 9/2028 برای ثبت سفارش به آیدی زیر مراجعه کنید : @f_ati_a | D14: 12 | F14: 106 | G14: کانادا | H14: دارو و سلامتی | I14: export_photo_1051@09-02-2026_11-30-36.jpg | N14: =D14*تنظیمات!$B$3*تنظیمات!$B$5+(F14/1000)*تنظیمات!$B$4
A15: IMP-0011 | B15: Glucosamine | C15: Glucosamine condition گلوکزآمین کندرویتین و ام اس ام کرکلند Kirkland Glucosamine Chondroitin & MSM • به تسکین درد مفاصل مرتبط با آرتروز کمک می کند • از تخریب غضروف محافظت می کند • عامل حفظ سلامت غضروف و مفاصل • بهبود درد و عملکرد مفاصل در افراد مبتلا به استئوآرتریت، به ویژه زانو یا لگن • کاهش تخریب غضروف مفصل و پیشرفت بیماری های مفصلی مرتبط با افزایش سن 300 کپسول 32.99$ 628gr 2028 برای ثبت سفارش به آیدی زیر مراجعه کنید : @f_ati_a | D15: 32.99 | F15: 628 | G15: کانادا | H15: دارو و سلامتی | I15: export_photo_1052@09-02-2026_11-35-36.jpg | N15: =D15*تنظیمات!$B$3*تنظیمات!$B$5+(F15/1000)*تنظیمات!$B$4
A16: IMP-0012 | B16: گلوکوزامین و کندرویتین | C16: کارایی دو ترکیبی که به طور طبیعی در غضروف یافت می شوند را در یک فرمول مناسب برای محافظت در برابر زوال غضروف، تسکین درد، و کاهش سفتی و حساسیت در افراد مبتلا به استئوآرتریت ترکیب کرده ایم. در غضروف، گلوکزامین به رشد سلول ها و حفظ ساختار کمک می کند محصول کانادا مشخصات گلوکوزامین سولفات 500mg کندروین سولفات 400mg تعداد در یک بسته ۱۴۰ Mr/2029 32$ 440gr برای ثبت سفارش به آیدی زیر مراجعه کنید : @f_ati_a | D16: 32 | F16: 440 | G16: کانادا | H16: دارو و سلامتی | I16: export_photo_1053@09-02-2026_11-59-42.jpg | N16: =D16*تنظیمات!$B$3*تنظیمات!$B$5+(F16/1000)*تنظیمات!$B$4
A17: IMP-0013 | B17: قرص ایبوپروفن و متوکاربامول | C17: قرص ایبوپروفن و متوکاربامول تسکین دردهای عضلانی و کمر پلاتینیوم ضد درد شل کننده عضلات 14,99$ 100gr ۸۰ عدد کپسول mr/2028 برای ثبت سفارش به آیدی زیر مراجعه کنید : @f_ati_a | D17: 14.99 | F17: 100 | G17: کانادا | H17: دارو و سلامتی | I17: export_photo_1056@09-02-2026_12-02-06.jpg | N17: =D17*تنظیمات!$B$3*تنظیمات!$B$5+(F17/1000)*تنظیمات!$B$4
A18: IMP-0014 | B18: قرص | C18: #قرص ### Focus Factor Brain Supplement & Complete Multivitamin اگر به دنبال یک مکمل عالی برای تقویت حافظه، تمرکز و عملکرد مغز هستید، Focus Factor گزینه‌ای بی‌نظیر است. این مکمل نه تنها یک مولتی‌ویتامین کامل است، بلکه شامل ترکیبات خاصی است که به بهبود سلامت مغز کمک می‌کند. #### ویژگی‌ها: - تقویت حافظه و تمرکز: فرمول بالینی آزمایش شده این محصول به بهبود حافظه، تمرکز و توانایی تفکر کمک می‌کند. - مواد مغذی برای مغز: ترکیباتی چون زینک، منیزیم، ویتامین‌های B6 و B12، و ویتامین D به همراه Bacopa Monnieri و تیروسین برای تغذیه مغز و بهبود کارایی آن به کار رفته‌اند. - کیفیت بالا: Focus Factor فاقد رنگ‌های مصنوعی، شیرین‌کننده‌های مصنوعی و شربت ذرت با فروکتوز بالا است و از مواد باکیفیت استفاده می‌کند. #### مزایای کلیدی: - افزایش توانایی شناختی: ترکیبات موجود در این مکمل به بهبود عملکرد شناختی و افزایش توانایی‌های ذهنی کمک می‌کنند. - تامین انرژی روزانه ٢٣۶gr 4/2028 ۱۲۰ عددی ۲۸.۹۹$: @f_ati_a | D18: 28.99 | F18: 236 | G18: کانادا | H18: دارو و سلامتی | I18: export_photo_1057@09-02-2026_13-05-28.jpg | N18: =D18*تنظیمات!$B$3*تنظیمات!$B$5+(F18/1000)*تنظیمات!$B$4
A19: IMP-0015 | B19: omegaQsterols | C19: omegaQsterols omega3&co10 امگا و‌کو کیو 10 200تایی 382gوزن قیمت ۳۳.۹۹$ Al/2028 این قرص حاوی ترکیبی از امگا-3، CoQ10 و استرول‌های گیاهی است که به سلامت قلب و عروق، کاهش تری‌گلیسیرید و کلسترول، و حمایت از سلامت شناختی و مغز کمک می‌کند. همچنین، می‌تواند دفعات سردردهای میگرنی و علائم مرتبط را کاهش دهد. این محصول دارای کپسول‌های نرم با آزادسازی تأخیری و جذب بالاتر از فرمول‌های استاندارد است. برای ثبت سفارش به آیدی زیر مراجعه کنید : @f_ati_a | D19: 33.99 | G19: کانادا | H19: دارو و سلامتی | I19: export_photo_1058@09-02-2026_13-12-20.jpg | N19: =D19*تنظیمات!$B$3*تنظیمات!$B$5+(F19/1000)*تنظیمات!$B$4
A20: IMP-0016 | B20: Ferrous Sulfate | C20: Ferrous Sulfate آیا احساس خستگی و کمبود انرژی می‌کنید؟ فقر آهن ممکن است دلیل اصلی این مشکلات باشد، اما حالا با Ferrous Gluconate از Wampole، مشکلی نیست! این قرص حاوی آهن مهمی است که به تولید و عملکرد صحیح گلبول های قرمز خون کمک می‌کند، بنابراین شما می‌توانید انرژی لازم برای فعالیت‌های روزمره خود را به دست آورید و از خستگی رها شوید. با مصرف روزانه یک قرص، به همراه غذا، شما می‌توانید بهترین نتیجه را به دست آورید. همچنین به یاد داشته باشید که این قرص را با فاصله‌ای از مصرف دیگر داروها یا مکمل‌های غذایی مصرف کنید. با Ferrous Gluconate، به بهترین شکل مراقبت از سلامتی خود را داشته باشید و از زندگی بهتری لذت ببرید!" 😍 ۱۰۰ عددی ۹.۹۹$ Ma/2027 وزن ۷۲g برای ثبت سفارش به آیدی زیر مراجعه کنید : @f_ati_a | D20: 9.99 | F20: 72 | G20: کانادا | H20: دارو و سلامتی | I20: export_photo_1059@09-02-2026_13-15-23.jpg | N20: =D20*تنظیمات!$B$3*تنظیمات!$B$5+(F20/1000)*تنظیمات!$B$4
A21: IMP-0017 | B21: کیف lole | C21: کیف lole آبی 20$ 244gr برای ثبت سفارش به آیدی زیر مراجعه کنید : @f_ati_a موجود تهران ✨ ارسال فوری 🚚 خرید بلک‌فرایدی کانادا 🇨🇦 قیمت استثنایی و محدود 👗 | D21: 20 | F21: 244 | G21: تهران | H21: کیف | I21: export_photo_1061@16-02-2026_12-09-32.jpg | N21: =D21*تنظیمات!$B$3*تنظیمات!$B$5+(F21/1000)*تنظیمات!$B$4
A22: IMP-0018 | B22: بلوز شلوار مخمل Velour | C22: بلوز شلوار مخمل Velour 28.99$ 664gr M نصف زیر بغل ۶۲cm نصف دور کمر ۳۶cm برای ثبت سفارش به آیدی زیر مراجعه کنید : @f_ati_a | D22: 28.99 | F22: 664 | G22: کانادا | H22: لباس | I22: export_photo_1065@16-02-2026_12-33-30.jpg | N22: =D22*تنظیمات!$B$3*تنظیمات!$B$5+(F22/1000)*تنظیمات!$B$4
A23: IMP-0019 | B23: کلاه ck | C23: کلاه ck 23$ 100gr برای ثبت سفارش به آیدی زیر مراجعه کنید : @f_ati_a موجود تهران ✨ ارسال فوری 🚚 خرید بلک‌فرایدی کانادا 🇨🇦 قیمت استثنایی و محدود 👗 | D23: 23 | F23: 100 | G23: تهران | H23: اکسسوری | I23: export_photo_1069@18-02-2026_12-38-32.jpg | N23: =D23*تنظیمات!$B$3*تنظیمات!$B$5+(F23/1000)*تنظیمات!$B$4
A24: IMP-0020 | B24: کلاه ck | C24: کلاه ck 23$ 106gr ❌ برای ثبت سفارش به آیدی زیر مراجعه کنید : @f_ati_a موجود تهران ✨ ارسال فوری 🚚 خرید بلک‌فرایدی کانادا 🇨🇦 قیمت استثنایی و محدود 👗 | D24: 23 | F24: 106 | G24: تهران | H24: اکسسوری | I24: export_photo_1073@18-02-2026_12-48-49.jpg | N24: =D24*تنظیمات!$B$3*تنظیمات!$B$5+(F24/1000)*تنظیمات!$B$4
A25: IMP-0021 | B25: کلاه تامی | C25: کلاه تامی 19$ 110gr و کرم برای ثبت سفارش به آیدی زیر مراجعه کنید : @f_ati_a موجود تهران ✨ ارسال فوری 🚚 خرید بلک‌فرایدی کانادا 🇨🇦 قیمت استثنایی و محدود 👗 | D25: 19 | F25: 110 | G25: تهران | H25: اکسسوری | I25: export_photo_1074@18-02-2026_12-56-13.jpg | N25: =D25*تنظیمات!$B$3*تنظیمات!$B$5+(F25/1000)*تنظیمات!$B$4
A26: IMP-0022 | B26: mk | C26: mk سایز7.5 49$ موجودی کانادا | D26: 49 | G26: کانادا | H26: سایر | I26: export_photo_1075@26-05-2026_05-16-01.jpg | N26: =D26*تنظیمات!$B$3*تنظیمات!$B$5+(F26/1000)*تنظیمات!$B$4
A27: IMP-0023 | B27: سایز ۱۰ | C27: سایز ۱۰ guess 35$ موجودی کانادا | D27: 35 | G27: کانادا | H27: سایر | I27: export_photo_1078@26-05-2026_05-18-40.jpg | N27: =D27*تنظیمات!$B$3*تنظیمات!$B$5+(F27/1000)*تنظیمات!$B$4
A28: IMP-0024 | B28: اسکچرز | C28: اسکچرز ۲۵$ 4us 36 23cm | D28: 25 | G28: کانادا | H28: کفش | I28: export_photo_1082@26-05-2026_05-23-24.jpg | N28: =D28*تنظیمات!$B$3*تنظیمات!$B$5+(F28/1000)*تنظیمات!$B$4
A29: IMP-0025 | B29: R78 Wind Nylon | C29: R78 Wind Nylon 39$ مردانه پوما این کتونی ترکیبی از استایل ترندی امروزی و طراحی الهام‌گرفته از دهه ۷۰ داره ✨ مدل PUMA R78 Wind Nylon با فیت اسپرت و ترکیب متفاوت رنگ‌ها و متریال‌ها، ظاهر خاص و چشمگیری ایجاد کرده. همچنین با کفی SoftFoam+ طراحی شده که باعث میشه پا توی طول روز راحت و نرم بمونه 👟 کوشن و راحتی خیلی خوبی داره و برای استفاده روزمره عالیه سایز 9us | D29: 39 | G29: کانادا | H29: کفش | I29: export_photo_1085@26-05-2026_05-27-17.jpg | N29: =D29*تنظیمات!$B$3*تنظیمات!$B$5+(F29/1000)*تنظیمات!$B$4
A30: IMP-0026 | B30: Dkny | C30: Dkny 35$ سایز ۳۸ | D30: 35 | G30: کانادا | H30: سایر | I30: export_photo_1088@26-05-2026_05-30-39.jpg | N30: =D30*تنظیمات!$B$3*تنظیمات!$B$5+(F30/1000)*تنظیمات!$B$4
A31: IMP-0027 | B31: کفش.old navy | C31: کفش.old navy 8 276gr موجودی تهران 😇قیمت در حراجی الیکا شاپ . 15$😇 برای ثبت سفارش به آیدی زیر مراجعه کنید : @fatemehalamdar68 @rshb63 | D31: 15 | F31: 276 | G31: کانادا | H31: کفش | I31: export_photo_1096@11-06-2026_00-28-05.jpg | N31: =D31*تنظیمات!$B$3*تنظیمات!$B$5+(F31/1000)*تنظیمات!$B$4
A32: IMP-0028 | B32: صندل مردانه cross | C32: صندل مردانه cross M/10 w/12 638gr موجودی تهران 😇قیمت در حراجی الیکا شاپ . 60$😇 برای ثبت سفارش به آیدی زیر مراجعه کنید : @Rh_reyhan @f_ati_a | D32: 60 | F32: 638 | G32: کانادا | H32: کفش | I32: export_photo_1103@11-06-2026_00-30-02.jpg | N32: =D32*تنظیمات!$B$3*تنظیمات!$B$5+(F32/1000)*تنظیمات!$B$4
A33: IMP-0029 | B33: کفش | C33: کفش adidas مردانه 9 828gr موجودی تهران 😇قیمت در حراجی الیکا شاپ . 59$😇 برای ثبت سفارش به آیدی زیر مراجعه کنید : @Rh_reyhan @f_ati_a | D33: 59 | F33: 828 | G33: کانادا | H33: کفش | I33: export_photo_1104@11-06-2026_00-44-09.jpg | N33: =D33*تنظیمات!$B$3*تنظیمات!$B$5+(F33/1000)*تنظیمات!$B$4
A34: IMP-0030 | B34: کفش | C34: کفش Mk 9 800gr موجودی تهران 😇قیمت در حراجی الیکا شاپ . 59$😇 ❌ برای ثبت سفارش به آیدی زیر مراجعه کنید : @Rh_reyhan @f_ati_a | D34: 59 | F34: 800 | G34: کانادا | H34: کفش | I34: export_photo_1107@11-06-2026_00-45-20.jpg | N34: =D34*تنظیمات!$B$3*تنظیمات!$B$5+(F34/1000)*تنظیمات!$B$4
A35: IMP-0031 | B35: کفش بچگانه | C35: کفش بچگانه puma uk:1 us:2c 458gr موجودی تهران 😇قیمت در حراجی الیکا شاپ . 29$😇 برای ثبت سفارش به آیدی زیر مراجعه کنید : @Rh_reyhan @f_ati_a | D35: 29 | F35: 458 | G35: کانادا | H35: کفش | I35: export_photo_1110@11-06-2026_00-48-48.jpg | N35: =D35*تنظیمات!$B$3*تنظیمات!$B$5+(F35/1000)*تنظیمات!$B$4
A36: IMP-0032 | B36: کیف کراس بادیMk | C36: کیف کراس بادیMk 380gr ابعاد: 16*24*5 82$ رنگ: وانیلی قهوه ای برای ثبت سفارش به آیدی زیر مراجعه کنید : 🇮🇷🇮🇷ارسال سریع تهران | D36: 82 | F36: 380 | G36: کانادا | H36: کیف | I36: export_photo_1122@14-07-2026_19-15-38.jpg | N36: =D36*تنظیمات!$B$3*تنظیمات!$B$5+(F36/1000)*تنظیمات!$B$4
A37: IMP-0033 | B37: کیف کراس بادی Mk | C37: کیف کراس بادی Mk 75$ ۴۰۰gr ابعاد: 14*29*7 در دو رنگ : وانیلی مشکی برای ثبت سفارش به آیدی زیر مراجعه کنید : 🇮🇷🇮🇷ارسال سریع تهران | D37: 75 | F37: 400 | G37: کانادا | H37: کیف | I37: export_photo_1130@14-07-2026_19-17-33.jpg | N37: =D37*تنظیمات!$B$3*تنظیمات!$B$5+(F37/1000)*تنظیمات!$B$4
A38: IMP-0034 | B38: خلاصه ابعاد | C38: خلاصه ابعاد 📏 27.3 × 19.1 × 10.2 سانتی‌متر (عرض × ارتفاع × عمق) 119$🇮🇷🇮🇷 ارسال سریع تهران | D38: 119 | G38: کانادا | H38: سایر | I38: export_photo_1134@14-07-2026_19-23-12.jpg | N38: =D38*تنظیمات!$B$3*تنظیمات!$B$5+(F38/1000)*تنظیمات!$B$4
A39: IMP-0035 | B39: تامی | C39: تامی 8.5us 39 6us 36 از ۲۱۹$ شده ۲۹$ 🇨🇦ارسالی از کانادا | D39: 29 | G39: کانادا | H39: سایر | I39: export_photo_1139@15-07-2026_21-56-37.jpg | N39: =D39*تنظیمات!$B$3*تنظیمات!$B$5+(F39/1000)*تنظیمات!$B$4
A40: IMP-0036 | B40: • ساخته شده از ۱۰۰٪ پلی‌یورتان (PU) با دوام و کیفیت بالا | C40: • ساخته شده از ۱۰۰٪ پلی‌یورتان (PU) با دوام و کیفیت بالا • دارای دو دسته برای حمل راحت • مزین به لوگوی فلزی مونوگرام در قسمت جلو • دارای یک محفظه اصلی جادار با بسته‌شدن زیپی برای نگهداری ایمن وسایل • طراحی ساده و یکدست (Solid) با ظاهری شیک و مینیمال • ابعاد تقریبی: ۴۵ × ۳۲ × ۱۵ سانتی‌متر • تمیز کردن آسان با یک دستمال مرطوب کیف تامی ۴۲$ قیمت قبل تخفیف ۱۲۹$ با خرید این کیف ۸۷$ save می کنید 🇨🇦ارسالی از کانادا | D40: 87 | G40: کانادا | H40: کیف | I40: export_photo_1145@16-07-2026_02-22-14.jpg | N40: =D40*تنظیمات!$B$3*تنظیمات!$B$5+(F40/1000)*تنظیمات!$B$4
A41: IMP-0037 | B41: کیف کوچک و کاربردی | C41: � کیف کوچک و کاربردی 📏 ابعاد به سانتی‌متر: طول: 18 سانتی‌متر عرض: 5 سانتی‌متر ارتفاع: 10.8 سانتی‌متر ✨ دارای جیب داخلی برای نظم بیشتر 🔒 زیپ‌دار 💛 یراق‌آلات طلایی آنتیک 🌿 جنس: کتان (Canvas) با آستر پلی‌استر جمع‌وجور، سبک و مناسب استفاده روزمره یا مهمانی‌های سبک 💫 موجودی تهران ارسال سریع ۳۵$ | D41: 35 | G41: کانادا | H41: کیف | I41: export_photo_1151@16-07-2026_02-40-09.jpg | N41: =D41*تنظیمات!$B$3*تنظیمات!$B$5+(F41/1000)*تنظیمات!$B$4
A42: IMP-0038 | B42: کیف guess | C42: کیف guess Guess Anise HandBag ❌ 60$ موجودی تهران | D42: 60 | G42: کانادا | H42: کیف | I42: export_photo_1154@16-07-2026_02-41-50.jpg | N42: =D42*تنظیمات!$B$3*تنظیمات!$B$5+(F42/1000)*تنظیمات!$B$4
A43: IMP-0039 | B43: کت زنانه تامی هیلفیگر (Tommy Hilfiger) 💙 | C43: کت زنانه تامی هیلفیگر (Tommy Hilfiger) 💙 یک کت ساده و شیک با طراحی کلاسیک که برای استایل‌های روزمره و کژوال بسیار کاربردی است. فرم Regular Fit باعث می‌شود راحت روی بدن قرار بگیرد و به‌راحتی با شلوار جین، شلوار کتان یا شلوارک ست شود. ✨ ویژگی‌ها: مدل: کت زنانه کژوال و کلاسیک رنگ: سرمه‌ای (Navy) یقه: گرد آستین: بلند فیت: معمولی (Regular Fit) جنس: ۱۰۰٪ پلی‌آمید (سبک و مقاوم) شستشو: دستی مناسب برای استفاده روزمره، سفر، استایل شهری و زمانی که یک لایه سبک و شیک برای روی لباس نیاز دارید. 💙 تامی سایز لارج و xl ❌❌❌ از ۱۶۹$ شده ۴۵$ | D43: 45 | G43: کانادا | H43: لباس | I43: export_photo_1159@16-07-2026_04-28-36.jpg | N43: =D43*تنظیمات!$B$3*تنظیمات!$B$5+(F43/1000)*تنظیمات!$B$4
A44: IMP-0040 | B44: دل: Softshell Rain Coat (پارچه نرم و مقاوم مناسب هوای بارانی) | C44: دل: Softshell Rain Coat (پارچه نرم و مقاوم مناسب هوای بارانی) 💙 رنگ: سرمه‌ای (Navy) 🧥 کلاه‌دار برای محافظت بیشتر در برابر باد و باران 🎀 کمر قابل تنظیم برای فرم‌دهی زیباتر به استایل از ۱۶۹$ شده ۴۵$ لارج ایکس لارج | D44: 45 | G44: کانادا | H44: لباس | I44: export_photo_1160@16-07-2026_04-33-08.jpg | N44: =D44*تنظیمات!$B$3*تنظیمات!$B$5+(F44/1000)*تنظیمات!$B$4
A45: IMP-0041 | B45: 39$ | C45: 39$ کیف کراس بادی تامی موجودی کانادا | D45: 39 | G45: کانادا | H45: کیف | I45: export_photo_1161@16-07-2026_06-29-41.jpg | N45: =D45*تنظیمات!$B$3*تنظیمات!$B$5+(F45/1000)*تنظیمات!$B$4
A46: IMP-0042 | B46: طول: ۱۴ اینچ ≈ ۳۵.۶ سانتی‌متر | C46: ارتفاع: ۸ اینچ ≈ ۲۰.۳ سانتی‌متر طول: ۱۴ اینچ ≈ ۳۵.۶ سانتی‌متر عرض: ۸ اینچ ≈ ۲۰.۳ سانتی‌متر ابعاد نهایی: ۲۰.۳ × ۳۵.۶ × ۲۰.۳ سانتی‌متر (ارتفاع × طول × عرض دافل بگ (ساک ورزشی/مسافرتی /دوشی)تامی هیلفیگر ۱۶$ قیمت قبل تخفیف ۶۰$ you saved 44$😍 موجود کانادا با این قیمت 2 عدد | D46: 44 | G46: کانادا | H46: سایر | I46: export_photo_1167@16-07-2026_19-59-01.jpg | N46: =D46*تنظیمات!$B$3*تنظیمات!$B$5+(F46/1000)*تنظیمات!$B$4
A47: IMP-0043 | B47: ماشین اصلاح صورت زنانه فیلیپس (Philips) مدل BRR474/00 | C47: ماشین اصلاح صورت زنانه فیلیپس (Philips) مدل BRR474/00 ✨ ویژگی‌ها: دستگاه اصلاح موی صورت بانوان برای لب بالا، چانه، گونه‌ها و خط فک اصلاحی ملایم و بدون آسیب به پوست مناسب استفاده در منزل و همراه برای سفر طراحی کوچک و قابل حمل کمک به از بین بردن موهای زائد صورت به‌صورت سریع و راحت مناسب برای استفاده روزمره ⭐ پرفروش‌ترین محصول در دسته دستگاه‌های پاکسازی و اصلاح صورت برقی ⭐ بیش از ۹۰۰ خرید در ماه گذشته یک گزینه کاربردی برای خانم‌هایی که دنبال اصلاح سریع و تمیز صورت بدون مراجعه به سالن هستند. موجود کانادا اماده ارسال : بدون درد و مناسب پوست‌های حساس سریع برای مرتب کردن موهای ریز صورت کوچک و مناسب کیف برای سفر باعث ضخیم‌تر شدن موها نمی‌شود (این یک باور اشتباه رایج است 25$ ❌ | D47: 25 | G47: کانادا | H47: کیف | I47: export_photo_1169@16-07-2026_20-05-17.jpg | N47: =D47*تنظیمات!$B$3*تنظیمات!$B$5+(F47/1000)*تنظیمات!$B$4
A48: IMP-0044 | B48: لگین لولولمون | C48: لگین لولولمون lululemon Align™ High-Rise Pant with Pockets 28 سایز ۱۲ اسم رنگ Trending ColourSteel Blue 32$ یعنی با خرید این لگین ۱۱۶$ سیو میکنید🇨🇦🇨🇦🇨🇦 چون قیمت قبل تخفیف ۱۴۸$ بوده😉 | D48: 148 | G48: کانادا | H48: سایر | I48: export_photo_1170@17-07-2026_02-39-00.jpg | N48: =D48*تنظیمات!$B$3*تنظیمات!$B$5+(F48/1000)*تنظیمات!$B$4
A49: IMP-0045 | B49: لگینگ Ultralu™ Super-High Rise 28” | C49: لگینگ Ultralu™ Super-High Rise 28” لگینگی ایده‌آل برای تمرین که با پارچه Ultralu™، ظاهری صاف و فرم‌دهنده به بدن می‌دهد، بدون اینکه آزادی حرکت را محدود کند. ویژگی‌ها: پارچه نرم، کشسان و فرم‌دهنده کشسانی چهارطرفه برای آزادی حرکت جذب‌کننده تعریق و خشک‌شونده سریع دارای الیاف Lycra® برای حفظ فرم و دوام بیشتر فاق فوق‌بلند (Super-High Rise) با قد ۲۸ اینچ، مناسب تا روی مچ پا کمربند بدون دوخت اضافه با ساختار باندشده برای ایجاد ظاهری صاف و حمایت راحت لبه‌های برش لیزری که روی پا فشار یا رد ایجاد نمی‌کنند نکته سایز: اگر معمولاً Align می‌پوشید، بهتر است یک سایز بزرگ‌تر انتخاب کنید. اگر Wunder Train می‌پوشید، همان سایز همیشگی مناسب است. سایز 8 Trending ColourRaspberry Coulis قیمت قبل تخفیف ۱۲۸$ قیمت حراج ۳۴$🇨🇦 | D49: 34 | G49: کانادا | H49: لباس | I49: export_photo_1177@17-07-2026_07-47-10.jpg | N49: =D49*تنظیمات!$B$3*تنظیمات!$B$5+(F49/1000)*تنظیمات!$B$4
... A87: IMP-0083 | B87: کراپ تاپ | C87: کراپ تاپ marsiano guess 15$ M | D87: 15 | G87: کانادا | H87: لباس | I87: export_photo_1315@24-07-2026_19-27-02.jpg | N87: =D87*تنظیمات!$B$3*تنظیمات!$B$5+(F87/1000)*تنظیمات!$B$4
A88: IMP-0084 | B88: کوله‌پشتی Sharkhead 🎒 | C88: کوله‌پشتی Sharkhead 🎒 کوله‌ای کاربردی با فضای ۲۴ لیتری برای کار، باشگاه و استفاده روزمره. دارای محفظه اصلی زیپ‌دار، جای لپ‌تاپ، جیب بطری آب و بخش‌های توری برای تهویه لباس‌های ورزشی. ابعاد: ۴۹ × ۳۸ × ۱۳ سانتی‌متر 23$ وزن ۴۳۰گرم 🇨🇦🇨🇦موجود تهران جیمشارک | D88: 23 | F88: 430 | G88: تهران | H88: کیف | I88: export_photo_1320@24-07-2026_19-38-14.jpg | N88: =D88*تنظیمات!$B$3*تنظیمات!$B$5+(F88/1000)*تنظیمات!$B$4
A89: IMP-0085 | B89: تامی | C89: تامی سایز لارج 13.99$ 🇨🇦🇨🇦 | D89: 13.99 | G89: کانادا | H89: سایر | I89: export_photo_1324@24-07-2026_23-47-41.jpg | N89: =D89*تنظیمات!$B$3*تنظیمات!$B$5+(F89/1000)*تنظیمات!$B$4
A90: IMP-0086 | B90: guess | C90: guess size s 30$ 🇨🇦🇨🇦 | D90: 30 | G90: کانادا | H90: سایر | I90: export_photo_1329@24-07-2026_23-54-31.jpg | N90: =D90*تنظیمات!$B$3*تنظیمات!$B$5+(F90/1000)*تنظیمات!$B$4
A91: IMP-0087 | B91: کاپشن کاربردی کلاه‌دار Dunwich Woven Utility Jacket | C91: کاپشن کاربردی کلاه‌دار Dunwich Woven Utility Jacket پارچه بافتی (Woven) یقه ایستاده کلاه جداشونده با بند قابل تنظیم لوگوی برند روی آستین دارای چندین جیب کاربردی برش معمولی (Regular Fit) آستین بلند بسته شدن با زیپ سرتاسری قیمت قبل تخفیف 230$ در تخفیف 40$ سایز لارج | D91: 40 | G91: کانادا | H91: لباس | I91: export_photo_1333@25-07-2026_00-03-29.jpg | N91: =D91*تنظیمات!$B$3*تنظیمات!$B$5+(F91/1000)*تنظیمات!$B$4
A92: IMP-0088 | B92: size L | C92: size L guess 25$ | D92: 25 | G92: کانادا | H92: سایر | I92: export_photo_1342@25-07-2026_00-08-34.jpg | N92: =D92*تنظیمات!$B$3*تنظیمات!$B$5+(F92/1000)*تنظیمات!$B$4
A93: IMP-0089 | B93: Guess Jeans Rugby Stripe long sleeve polo | C93: Guess Jeans Rugby Stripe long sleeve polo size L 25$ | D93: 25 | G93: کانادا | H93: سایر | I93: export_photo_1346@25-07-2026_00-10-35.jpg | N93: =D93*تنظیمات!$B$3*تنظیمات!$B$5+(F93/1000)*تنظیمات!$B$4
A94: IMP-0090 | B94: calvin klein | C94: calvin klein 49$ قیمت قبل تخفیف ۲۴۹$ | D94: 249 | G94: کانادا | H94: سایر | I94: export_photo_1353@25-07-2026_00-17-41.jpg | N94: =D94*تنظیمات!$B$3*تنظیمات!$B$5+(F94/1000)*تنظیمات!$B$4
A95: IMP-0091 | B95: کیف دستی Michael Kors (Tote Bag) | C95: کیف دستی Michael Kors (Tote Bag) کیف دستی مایکل کورس با طراحی شیک و جادار، مناسب استفاده روزمره و محل کار. این مدل از کانواس روکش‌دار با طرح لوگوی برند ساخته شده که سبک، بادوام و مقاوم در برابر رطوبت و لک است و با یراق‌آلات طلایی جلوه‌ای لوکس دارد. مشخصات: جنس: کانواس روکش‌دار با طرح لوگوی برند یراق‌آلات طلایی ابعاد: 29.2 × 27.9 × 15.9 سانتی‌متر ارتفاع دسته: 21.6 سانتی‌متر یک محفظه مرکزی و یک جیب داخلی، هر دو زیپ دار ۱۱۹$ 🇨🇦🇨🇦 | D95: 119 | G95: کانادا | H95: کیف | I95: export_photo_1357@25-07-2026_02-21-21.jpg | N95: =D95*تنظیمات!$B$3*تنظیمات!$B$5+(F95/1000)*تنظیمات!$B$4
A96: IMP-0092 | B96: کیف کراس‌بادی Michael Kors Mercer | C96: کیف کراس‌بادی Michael Kors Mercer کیف کراس‌بادی مایکل کورس با طراحی دو رنگ و شیک، از کانواس روکش‌دار با طرح لوگوی برند و چرم طبیعی ساخته شده است. این مدل با دسته‌های کوتاه و بند دوشی قابل تنظیم و جداشونده، برای استفاده روزمره و استایل‌های مختلف انتخابی کاربردی و جذاب است. مشخصات: جنس: کانواس روکش‌دار با طرح لوگوی برند و چرم طبیعی یراق‌آلات طلایی ابعاد: 22.2 × 19 × 10.2 سانتی‌متر ارتفاع دسته: 10.8 سانتی‌متر بند دوشی قابل تنظیم و جداشونده (56.5 تا 62.2 سانتی‌متر) یک محفظه مرکزی زیپ‌دار ۳ جای کارت 119$ 🇨🇦🇨🇦 | D96: 119 | G96: کانادا | H96: کیف | I96: export_photo_1360@25-07-2026_02-23-09.jpg | N96: =D96*تنظیمات!$B$3*تنظیمات!$B$5+(F96/1000)*تنظیمات!$B$4
A97: IMP-0093 | B97: کیف کمری/اسلینگ Michael Kors | C97: کیف کمری/اسلینگ Michael Kors کیف اسلینگ مایکل کورس با طراحی جمع‌وجور و کاربردی، از کانواس روکش‌دار با طرح لوگوی برند ساخته شده است. دارای بند قابل تنظیم، جیب جلویی زیپ‌دار و زنجیر جداشونده برای تنوع در استایل است. مشخصات: جنس: کانواس روکش‌دار با طرح لوگوی برند یراق‌آلات طلایی ابعاد: 23.5 × 15.2 × 12.7 سانتی‌متر بند قابل تنظیم: 30.5 تا 54.6 سانتی‌متر جیب جلویی زیپ‌دار زنجیر جداشونده آستر 100٪ پلی‌استر بسته شدن با زیپ 99$ 🇨🇦🇨🇦 | D97: 99 | G97: کانادا | H97: کیف | I97: export_photo_1361@25-07-2026_02-25-54.jpg | N97: =D97*تنظیمات!$B$3*تنظیمات!$B$5+(F97/1000)*تنظیمات!$B$4
A98: IMP-0094 | B98: کفش guess | C98: کفش guess 49$ 8 ❌ | D98: 49 | G98: کانادا | H98: کفش | I98: export_photo_1365@25-07-2026_10-49-59.jpg | N98: =D98*تنظیمات!$B$3*تنظیمات!$B$5+(F98/1000)*تنظیمات!$B$4
A99: IMP-0095 | B99: Webber Naturals Melatonin + Magnesium Extra Strength (60 عددی) | C99: Webber Naturals Melatonin + Magnesium Extra Strength (60 عددی) مکمل ملاتونین + منیزیم وبِر نچرالز با فرمولاسیون قدرت بالا، برای کمک به داشتن خوابی آرام و باکیفیت طراحی شده است. ترکیب ملاتونین با منیزیم به آرامش بدن و عضلات کمک می‌کند و باعث می‌شود راحت‌تر به خواب بروید و خواب عمیق‌تری را تجربه کنید. ویژگی‌ها: کمک به بهبود کیفیت خواب و تنظیم چرخه خواب کاهش زمان به خواب رفتن کمک به آرامش عضلات و عملکرد طبیعی سیستم عصبی حاوی منیزیم برای کاهش گرفتگی و تنش عضلانی فرمول Extra Strength (قدرت بالا 60عددی ۱۲$ | D99: 12 | G99: کانادا | H99: دارو و سلامتی | I99: export_photo_1370@25-07-2026_17-21-30.jpg | N99: =D99*تنظیمات!$B$3*تنظیمات!$B$5+(F99/1000)*تنظیمات!$B$4
A100: IMP-0096 | B100: Webber Naturals Advanced Collagen + Turmeric 🌿 | C100: Webber Naturals Advanced Collagen + Turmeric 🌿 کمک به کاهش درد و خشکی مفاصل ناشی از آرتروز کمک به بهبود حرکت و انعطاف مفاصل دارای UC-II Collagen و Univestin با مطالعات بالینی حاوی زردچوبه و بروملین برای حمایت از کاهش التهاب مصرف آسان: روزانه فقط ۱ عدد شروع اثر گزارش‌شده: حدود ۳ تا ۷ روز بدون گلوتن، شکر، رنگ و مواد نگهدارنده مصنوعی مناسب برای افرادی که مشکلات مفصلی، خشکی یا درد زانو و مفاصل دارند. 🌱 22$ 30عدد قرص | D100: 22 | G100: کانادا | H100: دارو و سلامتی | I100: export_photo_1371@25-07-2026_20-14-23.jpg | N100: =D100*تنظیمات!$B$3*تنظیمات!$B$5+(F100/1000)*تنظیمات!$B$4
... A108: IMP-0104 | B108: کتونی نایک مردانه | C108: کتونی نایک مردانه 11 49$ @f_ati_a ارسال سریع از تهران🇮🇷🇮🇷 | D108: 49 | G108: کانادا | H108: کفش | I108: export_photo_1393@27-07-2026_12-06-53.jpg | N108: =D108*تنظیمات!$B$3*تنظیمات!$B$5+(F108/1000)*تنظیمات!$B$4
A109: IMP-0105 | B109: کیف کراس‌بادی Karl Lagerfeld مدل Maybelle Sharp | C109: کیف کراس‌بادی Karl Lagerfeld مدل Maybelle Sharp دیزاین: طراحی مدرن و مینیمال با استایل شهری مزین به پچ‌های برجسته Karl Lagerfeld و گربه معروفش Choupette بند رودوشی لوگودار، قابل تنظیم و جداشدنی یراق‌آلات باکیفیت بسته شدن با زیپ مشخصات: دو محفظه اصلی زیپ‌دار یک جیب بیرونی در پشت کیف دو جیب داخلی یک جیب مخصوص سکه آستر ژاکارد 100٪ پلی‌استر رویه از چرم مصنوعی با بافت چرمی (100٪) ابعاد: 20.3 × 15.2 × 7.6 سانتی‌متر (عرض × ارتفاع × عمق) طول بند: 68.5 سانتی‌متر وزن: حدود 454 گرم ارسال سریع از تهران قیمت 75$ وزن 548گرم موجود در تهران یک عدد❌ | D109: 75 | F109: 454 | G109: کانادا | H109: کیف | I109: export_photo_1409@28-07-2026_00-08-12.jpg | N109: =D109*تنظیمات!$B$3*تنظیمات!$B$5+(F109/1000)*تنظیمات!$B$4
A110: IMP-0106 | B110: کیف کراس‌بادی Karl Lagerfeld مدل Maybelle Sharp | C110: کیف کراس‌بادی Karl Lagerfeld مدل Maybelle Sharp دیزاین: طراحی مدرن و مینیمال با استایل شهری مزین به پچ‌های برجسته Karl Lagerfeld و گربه معروفش Choupette بند رودوشی لوگودار، قابل تنظیم و جداشدنی یراق‌آلات باکیفیت بسته شدن با زیپ مشخصات: دو محفظه اصلی زیپ‌دار یک جیب بیرونی در پشت کیف دو جیب داخلی یک جیب مخصوص سکه آستر ژاکارد 100٪ پلی‌استر رویه از چرم مصنوعی با بافت چرمی (100٪) ابعاد: 20.3 × 15.2 × 7.6 سانتی‌متر (عرض × ارتفاع × عمق) طول بند: 68.5 سانتی‌متر وزن: حدود 548گرم 59$ موجودی تهران یک عدد | D110: 59 | F110: 548 | G110: کانادا | H110: کیف | I110: export_photo_1412@28-07-2026_00-08-21.jpg | N110: =D110*تنظیمات!$B$3*تنظیمات!$B$5+(F110/1000)*تنظیمات!$B$4
A111: IMP-0107 | B111: کیف کراس‌بادی Karl Lagerfeld مدل Maybelle Sharp | C111: کیف کراس‌بادی Karl Lagerfeld مدل Maybelle Sharp دیزاین: طراحی مدرن و مینیمال با استایل شهری مزین به پچ‌های برجسته Karl Lagerfeld و گربه معروفش Choupette بند رودوشی لوگودار، قابل تنظیم و جداشدنی یراق‌آلات باکیفیت بسته شدن با زیپ مشخصات: دو محفظه اصلی زیپ‌دار یک جیب بیرونی در پشت کیف دو جیب داخلی یک جیب مخصوص سکه آستر ژاکارد 100٪ پلی‌استر رویه از چرم مصنوعی با بافت چرمی (100٪) ابعاد: 20.3 × 15.2 × 7.6 سانتی‌متر (عرض × ارتفاع × عمق) طول بند: 68.5 سانتی‌متر وزن: حدود 548 گرم 75$ موجودی تهران یک عدد ❌ | D111: 75 | F111: 548 | G111: کانادا | H111: کیف | I111: export_photo_1415@28-07-2026_00-08-30.jpg | N111: =D111*تنظیمات!$B$3*تنظیمات!$B$5+(F111/1000)*تنظیمات!$B$4
A112: IMP-0108 | B112: Palafer® CF Prenatal | مکمل آهن + ویتامین C + فولیک اسید | C112: Palafer® CF Prenatal | مکمل آهن + ویتامین C + فولیک اسید Palafer® CF Prenatal یک مکمل ترکیبی برای پیشگیری و درمان کمبود آهن و فولیک اسید است. هر کپسول شامل: 100 میلی‌گرم آهن المنتال برای کمک به افزایش هموگلوبین و جبران کمبود آهن ویتامین C برای جذب بهتر آهن فولیک اسید برای حمایت از خون‌سازی و تأمین نیاز بدن، به‌خصوص قبل از بارداری و اوایل بارداری نحوه مصرف: روزانه یک کپسول، ترجیحاً قبل از خواب و با معده خالی یا طبق دستور پزشک. مناسب برای افرادی که دچار کمبود آهن، فریتین پایین یا نیاز به مکمل آهن و فولیک اسید دارند. 14.99$ جهت سفارش لطفا پیام بدین 🇨🇦 @f_ati_a ❌❌❌ | D112: 14.99 | G112: کانادا | H112: دارو و سلامتی | I112: export_photo_1423@28-07-2026_17-40-25.jpg | N112: =D112*تنظیمات!$B$3*تنظیمات!$B$5+(F112/1000)*تنظیمات!$B$4
A113: IMP-0109 | B113: Palafer | مکمل آهن برای درمان کمبود آهن | C113: Palafer | مکمل آهن برای درمان کمبود آهن Palafer یک مکمل آهن حاوی 100 میلی‌گرم آهن المنتال (Ferrous Fumarate) در هر کپسول است که برای پیشگیری و درمان کمبود آهن، کم‌خونی فقر آهن و افزایش ذخایر آهن بدن (فریتین) استفاده می‌شود. چرا آهن مهم است؟ آهن برای ساخت هموگلوبین ضروری است؛ پروتئینی در گلبول‌های قرمز که اکسیژن را به تمام بدن منتقل می‌کند. کمبود آهن می‌تواند باعث خستگی، ضعف، ریزش مو، سرگیجه، کاهش تمرکز و کم‌خونی شود. مزایای Palafer: ✅ کمک به افزایش هموگلوبین و فریتین ✅ بهبود اکسیژن‌رسانی به بدن ✅ کاهش علائم کمبود آهن مانند خستگی و ضعف ✅ مصرف آسان؛ روزانه یک کپسول نحوه مصرف: روزانه یک کپسول، ترجیحاً قبل از خواب و با معده خالی یا طبق دستور پزشک. برای جذب بهتر: همراه آب یا ویتامین C مصرف شود و تا ۲ ساعت اطراف مصرف، چای، قهوه، لبنیات، کلسیم و منیزیم مصرف نشود. ترکیبات هر کپسول: 300 میلی‌گرم Ferrous Fumarate معادل 100 میلی‌گرم آهن المنتال 12$ @f_ati_a | D113: 12 | G113: کانادا | H113: دارو و سلامتی | I113: export_photo_1424@28-07-2026_17-43-32.jpg | N113: =D113*تنظیمات!$B$3*تنظیمات!$B$5+(F113/1000)*تنظیمات!$B$4
A114: IMP-0110 | B114: تیشرت زنانه کارل | C114: تیشرت زنانه کارل S m 29$ @f_ati_a | D114: 29 | G114: کانادا | H114: لباس | I114: export_photo_1427@01-08-2026_10-40-14.jpg | N114: =D114*تنظیمات!$B$3*تنظیمات!$B$5+(F114/1000)*تنظیمات!$B$4
A115: IMP-0111 | B115: تیشرت های زنانه guess | C115: تیشرت های زنانه guess در دو رنگ سفید صورتی m 20$ @f_ati_a | D115: 20 | G115: کانادا | H115: لباس | I115: export_photo_1436@02-08-2026_11-56-12.jpg | N115: =D115*تنظیمات!$B$3*تنظیمات!$B$5+(F115/1000)*تنظیمات!$B$4
A116: IMP-0112 | B116: تیشرت مردانه guess jeans | C116: تیشرت مردانه guess jeans m 54cm L 56cm 25$ @f_ati_a | D116: 25 | G116: کانادا | H116: لباس | I116: export_photo_1438@02-08-2026_12-05-04.jpg | N116: =D116*تنظیمات!$B$3*تنظیمات!$B$5+(F116/1000)*تنظیمات!$B$4
A117: IMP-0113 | B117: 15$ | C117: 15$ ادویل ایبو‌بروفن ۴۰۰ ۷۵عددی ١٠٠gr ۱۰/۲۰۲۸ موجود ایران ۴عدد | D117: 15 | F117: 100 | G117: کانادا | H117: سایر | I117: export_photo_1442@05-08-2026_17-21-07.jpg | N117: =D117*تنظیمات!$B$3*تنظیمات!$B$5+(F117/1000)*تنظیمات!$B$4
A118: IMP-0114 | B118: ادویل | C118: ادویل ایبوبروفن ۲۰۰ 109عددی 15$ موجود ایران ۱۱۵گرم انقضا ۰۳/۲۰۲۸ 7عدد | D118: 15 | F118: 115 | G118: کانادا | H118: سایر | I118: export_photo_1443@05-08-2026_17-34-49.jpg | N118: =D118*تنظیمات!$B$3*تنظیمات!$B$5+(F118/1000)*تنظیمات!$B$4
A119: IMP-0115 | B119: قرص سنتروم | C119: قرص سنتروم مولتی ویتامین زنانه زیر ۵۰ سال 33$ ۴۶۷گرم انقضا ۰۴/۲۰۲۷ ۳عدد | D119: 33 | F119: 467 | G119: کانادا | H119: دارو و سلامتی | I119: export_photo_1444@05-08-2026_17-40-28.jpg | N119: =D119*تنظیمات!$B$3*تنظیمات!$B$5+(F119/1000)*تنظیمات!$B$4
A120: IMP-0116 | B120: قرص | C120: #قرص قرص سنتروم مردانه زیر ۵۰ سال 33$ ۴۳۸gr انقضا ۱۱/۲۰۲۷❌❌❌ | D120: 33 | F120: 438 | G120: کانادا | H120: دارو و سلامتی | I120: export_photo_1445@05-08-2026_17-48-21.jpg | N120: =D120*تنظیمات!$B$3*تنظیمات!$B$5+(F120/1000)*تنظیمات!$B$4
A121: IMP-0117 | B121: سنتروم زنانه +50 | C121: سنتروم زنانه +50 33$ ۴۳۲گرم انقضا ۱۰/۲۰۲۷ | D121: 33 | F121: 432 | G121: کانادا | H121: سایر | I121: export_photo_1446@05-08-2026_17-50-34.jpg | N121: =D121*تنظیمات!$B$3*تنظیمات!$B$5+(F121/1000)*تنظیمات!$B$4
A122: IMP-0118 | B122: قرص پرو بیوتیک کیرکلند | C122: قرص پرو بیوتیک کیرکلند ‏Kirkland Signature Daily Probiotic 30 Billion برای کمک به سلامت دستگاه گوارش و کمک به بهبود درد شکمی مرتبط با IBS فرموله شده است. هر سروینگ کپسول حاوی یک کمپلکس پروبیوتیک انحصاری با فیبر پری بیوتیک است که 30 میلیارد سلول فعال را فراهم می کند که انقضا تضمین شده است. ویژگی ها و مزایا: 30 میلیارد سلول فعال در هر کپسول منبع پروبیوتیک ها به بهبود دردهای شکمی مرتبط با IBS کمک می کند به حمایت از سلامت دستگاه گوارش کمک می کند به بهبود کیفیت زندگی مرتبط با علائم IBS کمک می کند به کاهش نفخ مرتبط با IBS کمک می کند کپسول های تاخیری گیاهخواری بدون GMOs بدون لاکتوز، سویا یا گلوتن بدون رنگ های مصنوعی، طعم دهنده های مصنوعی یا مواد نگهدارنده مصنوعی قیمت در حراجی الیکا شاپ : 32,99$ 100gr انقضا۱۰/۲۰۲۷ | D122: 32.99 | F122: 100 | G122: کانادا | H122: دارو و سلامتی | I122: export_photo_1447@05-08-2026_17-55-57.jpg | N122: =D122*تنظیمات!$B$3*تنظیمات!$B$5+(F122/1000)*تنظیمات!$B$4
A123: IMP-0119 | B123: عطر bleu de channel | C123: جعبه اصلی | D123: 160 | E123: 100میل | F123: 415 | G123: تهران | H123: عطر و ادکلن | I123: عطر_bleu_de_channel_1787585769124_1.jpg | J123: عطر_bleu_de_channel_1787585770185_2.jpg | N123: =D123*تنظیمات!$B$3*تنظیمات!$B$5+(F123/1000)*تنظیمات!$B$4
A124: IMP-0120 | B124: عطر استخراج‌شده | C124: 6ml 12$ | D124: 12 | E124: 6ml | G124: کانادا | H124: عطر و ادکلن | I124: photo_1796@16-04-2026_20-32-14.jpg | N124: =D124*تنظیمات!$B$3*تنظیمات!$B$5+(F124/1000)*تنظیمات!$B$4
A125: IMP-0121 | B125: عطر استخراج‌شده | C125: 7.5ml 18$ | D125: 18 | E125: 7.5ml | G125: کانادا | H125: عطر و ادکلن | I125: photo_1797@16-04-2026_20-32-21.jpg | N125: =D125*تنظیمات!$B$3*تنظیمات!$B$5+(F125/1000)*تنظیمات!$B$4
A126: IMP-0122 | B126: Libre | C126: Libre 7.5ml 18$ | D126: 18 | E126: 7.5ml | G126: کانادا | H126: عطر و ادکلن | I126: photo_1798@16-04-2026_20-32-26.jpg | N126: =D126*تنظیمات!$B$3*تنظیمات!$B$5+(F126/1000)*تنظیمات!$B$4
A127: IMP-0123 | B127: عطر استخراج‌شده | C127: 7.5ml 10$ | D127: 10 | E127: 7.5ml | G127: کانادا | H127: عطر و ادکلن | I127: photo_1799@16-04-2026_20-32-33.jpg | N127: =D127*تنظیمات!$B$3*تنظیمات!$B$5+(F127/1000)*تنظیمات!$B$4
A128: IMP-0124 | B128: Jean Paul gaultier le male | C128: Jean Paul gaultier le male 🔸️نوع:مردانه 🔸️تولید از سال‌:2023 🔸️سبک:شرقی - فوژه 🌸ترکیب نت‌ها: 🔸 نت‌های ابتدایی: اسطوخودوس ، نعناع 🔸 نت‌های میانی: لوبان ، وانیل 🔸 نت‌های پایه: دانه تونکا ، عسل ، تنباکو 📝توضیحات: این عطر غلیظ که روی پوست صاف این نیم‌تنه پخش می‌شود، تمامی حس‌های شما را شعله‌ور می‌سازد و جلوه‌های هوس‌انگیز سوزانی را به‌وجود می‌آورد. پس از نت شاداب نعناع، گسترش آمیزه این عطر ذره‌ذره شما را به خودش وابسته می‌کند تا سرانجام به یک اکسیر غلیظ تبدیل می‌شود. بعد از نت‌های باطراوت، رایحه بی‌نظیر اسطوخودوس سریعا با جلوه‌های هوس‌انگیزش نمایان می‌شود که البته به‌واسطه سرشاری و غنای برگرفته از لوبان، روایح شربتی و نت‌های وانیل تقویت خواهد شد. دانه تونکا نیز آمیزه کلی عطر را به‌واسطه جلوه‌های پرحرارت اما ملایمش غنی‌تر می‌سازد و مابین نت‌های تنباکو و عسل قرار می‌گیرد. به این مرحله که برسید، تمام وجودتان با این عطر درگیر می‌شود! 100$ | D128: 100 | G128: کانادا | H128: عطر و ادکلن | I128: photo_1803@02-05-2026_23-36-51.jpg | N128: =D128*تنظیمات!$B$3*تنظیمات!$B$5+(F128/1000)*تنظیمات!$B$4
A129: IMP-0125 | B129: Clinique happy for men | C129: Clinique happy for men 🔸️نوع:مردانه 🔸️تولید از سال‌:1999 🔸️سبک:مرکباتی - معطر 🌸ترکیب نت‌ها: 🔸 نت‌های ابتدایی: نارنگی ماندارین، آب دریا ، ترکیبات سبز ، لیمو ترش سبز، مرکبات 🔸 نت‌های میانی: رز ، فریزیا ، یاس، گل برف 🔸 نت‌های پایه: مشک ، سدر ، سرو ، چوب گایاک 📝توضیحات: رایحه ای است فوق العاده جذاب . در ابتدای مصرف ، به خاطر وجود اسانس مرکبات ، سایر اسانسهای معطر و رایحة ناب دریا ، حسی سرشار از لذّت و شادابی به شما دست می دهد . بویی که در عمق این ادکلن به مشام می رسد عطر ملایم گل هاست که با مهربانی ما را به استشمام عطر خوش سدر جنگلی ، سرو ، عودالانبیا و مشک دعوت می کند . امروزه شادبودن ، بیش از داشتن پول و آسایش ، مورد توجه و پسند است و این دقیقاً علت پرطرفدار بودن Happy Clinique است . 32.5$ | D129: 32.5 | G129: کانادا | H129: عطر و ادکلن | I129: photo_1804@02-05-2026_23-36-51.jpg | N129: =D129*تنظیمات!$B$3*تنظیمات!$B$5+(F129/1000)*تنظیمات!$B$4
A130: IMP-0126 | B130: F by ferragamo black | C130: F by ferragamo black 🔸️نوع:مردانه 🔸️تولید از سال‌:2007 🔸️سبک:شرقی - چوبی 🌸ترکیب نت‌ها: 🔸 نت‌های ابتدایی: سیب ، اسطوخودوس 🔸 نت‌های میانی: فلفل 🔸 نت‌های پایه: کهربا، چرم ، لابدانیوم 📝توضیحات: این عطر جدید وخاص مردان شیک و مدرن در سال 2007 و توسط Olivier Polge ساخته شد. نت بالای این عطر از دو اسانس اسطوخدوس و سیب تازه تشکیل میشود و گرمی‌آن در اثر فلفل سیاه ماداگاسکار است. همچنین از لادن جهت ایجاد نت کهربا استفاده شده است. این عطر برای قرارهای عاشقانه پیشنهاد میشود جعبه اصلی 50ml 34$ | D130: 34 | E130: 50ml | G130: کانادا | H130: عطر و ادکلن | I130: photo_1805@02-05-2026_23-36-52.jpg | N130: =D130*تنظیمات!$B$3*تنظیمات!$B$5+(F130/1000)*تنظیمات!$B$4
A131: IMP-0127 | B131: Dior Sauvage Eau de parfum | C131: Dior Sauvage Eau de parfum 🔸️نوع:مردانه 🔸️تولید از سال‌:2018 🔸️سبک:شرقی - فوژه 🌸ترکیب نت‌ها: 🔸 نت‌های ابتدایی:ترنج 🔸 نت‌های میانی: اسطوخودوس ، جوز ، بادیان ختایی ، فلفل سیچوان 🔸 نت‌های پایه: وانیل ، آمبروکسان 📝توضیحات: آمیزه این ادیشن که سرشار از سویه‌های وانیلی و شرقی است، روحی فراگیر، اسرارآمیز، هوس‌انگیز و دلپذیر دارد. آمیزه «ساوج ادو پرفیوم» بعضی از نت‌های عطر اصلی مانند ترنج، فلفل سیچوان، اسطوخودوس و آمبروکسان را حفظ می‌کند و آنها را به‌واسطه نت‌های شرقی و گرم برگرفته از جوز، بادیان ختایی و وانیل پاپوآ غنی‌تر و پُرمایه‌تر می‌سازد. تستر 100ml 125$ 10ml 15$ | D131: 125 | E131: 100ml | G131: کانادا | H131: عطر و ادکلن | I131: photo_1806@02-05-2026_23-38-51.jpg | N131: =D131*تنظیمات!$B$3*تنظیمات!$B$5+(F131/1000)*تنظیمات!$B$4
A132: IMP-0128 | B132: نت ها | C132: 🌸 نت ها رایحه اولیه: ترنج ، فلفل صورتی ، آلو رایحه میانی: مشک ، رز ، گل مریم رایحه پایه: وانیل اگه دنبال عطری هستی که همزمان ملایم و جذاب باشه و یه امضای خاص از خودت بسازه، Musc Noir Rose دقیقا همونه. ترکیب رز مخملی با امضای معروف مشک نارسیسو، یه رایحه‌ای می‌سازه که هم دلنشینه هم به شدت به‌یادموندنی. مناسب قرارهای خاص، شب‌های رمانتیک و وقتی که می‌خوای فقط “خاص” باشی، بدون اینکه تلاش کنی. قیمت اصلی:158$ داخل حراج شیسیدو:61$😍😍 | D132: 158 | G132: کانادا | H132: عطر و ادکلن | I132: photo_1808@03-05-2026_13-33-31.jpg | N132: =D132*تنظیمات!$B$3*تنظیمات!$B$5+(F132/1000)*تنظیمات!$B$4
A133: IMP-0129 | B133: نت ها | C133: 🌸 نت ها رایحه اولیه: آلو رایحه میانی: مشک ، گل آفتاب پرست رایحه پایه: جیر رایحه ی معتدل برای استفاده در تمام فصول سال پیشنهاد می شود . عطر نارسیسو رودیگز ماسک نویر رایحه ای جدید و جسورانه با عناصر پر رمز و راز و فریب دهنده را به مصرف کننده هدیه می دهد . با رایحه ای جذاب برای تقویت و آشکار کردن درونی ترین زیبایی زنان با قدرت تحریک کنندگی بالا ایجاد شده است. بیانیه ای در مورد طبیعت بی انتها مرموز احساسات زنان است . قیمت در حراج:78$😍 | D133: 78 | G133: کانادا | H133: عطر و ادکلن | I133: photo_1809@03-05-2026_13-41-42.jpg | N133: =D133*تنظیمات!$B$3*تنظیمات!$B$5+(F133/1000)*تنظیمات!$B$4
A134: IMP-0130 | B134: نت ها | C134: 🌸 نت ها رایحه اولیه: فرانجیپانی، یلانگ یلانگ، گل‌های سفید رایحه میانی: مشک، کهربا رایحه پایه: کشمیر، وانیل، سدر ترکیب بویایی این عطر با رایحه‌ای لطیف و گلی آغاز می‌شود و به‌تدریج با نت‌های گرم‌تر و عمیق‌تر ادامه پیدا می‌کند. در پایان، رایحه‌ای چوبی و اندکی شیرین باقی می‌ماند که ماندگاری چشمگیری دارد و به‌مرور با پوست هماهنگ می‌شود. این ساختار چند مرحله‌ای باعث می‌شود تجربه استفاده از این عطر در طول روز متنوع و جذاب باقی بماند. قیمت در حراج:76$😍 | D134: 76 | G134: کانادا | H134: عطر و ادکلن | I134: photo_1810@03-05-2026_13-46-23.jpg | N134: =D134*تنظیمات!$B$3*تنظیمات!$B$5+(F134/1000)*تنظیمات!$B$4
A135: IMP-0131 | B135: ترکیب نت‌ها | C135: 🌸ترکیب نت‌ها: نت‌های ابتدایی: رز ، هلو نت‌های میانی: مشک ، کهربا نت‌های پایه: نعناع هندی ، چوب صندل سفید با اولین اسپری… رایحه‌ی رز مخملی و هلو‌ی آبدار مثل پرده‌ای از لطافت و اغواگری روی پوست می‌نشیند. لحظاتی بعد، مشک ناب قلب عطر را آشکار می‌کند؛ رایحه‌ای عمیق، مرموز و بی‌نهایت زنانه. و در پایان، ترکیب چوب صندل، نعناع هندی و عنبر گرم اثری ماندگار و وسوسه‌انگیز بر جا می‌گذارد. قیمت در حراج:61$😍 | D135: 61 | G135: کانادا | H135: عطر و ادکلن | I135: photo_1812@03-05-2026_13-53-02.jpg | N135: =D135*تنظیمات!$B$3*تنظیمات!$B$5+(F135/1000)*تنظیمات!$B$4
A136: IMP-0132 | B136: Dior Joy Intense – دیور جوی اینتنس | C136: Dior Joy Intense – دیور جوی اینتنس ✅ رایحه: گلی، مرکباتی، چوبی ✅ طبع: ملایم و شیرین ✅ حس کلی: شاداب، زنانه، درخشان Dior Joy Intense با ترکیب رایحه‌های مرکباتی و گل یاس آغاز می‌شود که حس شادابی و انرژی مثبت را منتقل می‌کند. در نت میانه، رز و چوب صندل به رایحه‌ای گلی و چوبی تبدیل می‌شوند و حسی لطیف و ملایم به عطر می‌بخشند. در نهایت، مشک و وانیل رایحه‌ای گرم و دلپذیر ایجاد می‌کنند که ماندگاری بالایی دارد. 🔹 مناسب برای: روزهای بهار و تابستان، استفاده روزانه 🔸 نکته: اگر به دنبال عطری هستید که حس شادابی، زیبایی و زنانه‌گی را به شما منتقل کند و برای استفاده روزانه مناسب باشد، Dior Joy Intense بهترین انتخاب خواهد بود. 90$ 306gr موجود در ایران | D136: 90 | F136: 306 | G136: کانادا | H136: عطر و ادکلن | I136: photo_1813@08-05-2026_14-20-24.jpg | N136: =D136*تنظیمات!$B$3*تنظیمات!$B$5+(F136/1000)*تنظیمات!$B$4
A137: IMP-0133 | B137: Lacoste Touch of Pink – لاگوست تاچ آو پینک | C137: Lacoste Touch of Pink – لاگوست تاچ آو پینک ✅ رایحه: میوه‌ای، گلی، شیرین ✅ طبع: ملایم و شیرین ✅ حس کلی: جوان، شاداب، پرانرژی Touch of Pink از Lacoste عطری است که با ترکیب مجموعه‌ای از نت‌های مرکباتی مانند پرتقال، هلو و گلابی به همراه گل یاس، شکوفه پرتقال و مشک، حس شادی و سرزندگی را القا می‌کند. این عطر به دلیل طبع شیرین و تازه‌اش، برای افرادی که به دنبال عطری سبک و جوان‌پسند هستند بسیار مناسب است. 🔹 مناسب برای: استفاده روزانه، فصول بهار و تابستان 🔸 نکته: اگر به دنبال عطری ملایم، شاداب و شیرین برای روزهای پرانرژی هستید، Touch of Pink انتخابی عالی است. 40$ 226gr موجود در ایران | D137: 40 | F137: 226 | G137: کانادا | H137: عطر و ادکلن | I137: photo_1814@08-05-2026_14-21-47.jpg | N137: =D137*تنظیمات!$B$3*تنظیمات!$B$5+(F137/1000)*تنظیمات!$B$4
A138: IMP-0134 | B138: عطر Miss Dior | C138: عطر Miss Dior 5ml 12$ | D138: 12 | E138: 5ml | G138: کانادا | H138: عطر و ادکلن | I138: photo_1815@16-05-2026_18-53-16.jpg | N138: =D138*تنظیمات!$B$3*تنظیمات!$B$5+(F138/1000)*تنظیمات!$B$4
A139: IMP-0135 | B139: Versace Eros edt 5ml | C139: Versace Eros edt 5ml 7$ | D139: 7 | E139: 5ml | G139: کانادا | H139: عطر و ادکلن | I139: photo_1817@16-05-2026_18-53-17.jpg | N139: =D139*تنظیمات!$B$3*تنظیمات!$B$5+(F139/1000)*تنظیمات!$B$4
A140: IMP-0136 | B140: YSL | C140: YSL Myself 7.5ml 12$ مردانه | D140: 12 | E140: 7.5ml | G140: کانادا | H140: عطر و ادکلن | I140: photo_1818@16-05-2026_18-53-17.jpg | N140: =D140*تنظیمات!$B$3*تنظیمات!$B$5+(F140/1000)*تنظیمات!$B$4
A141: IMP-0137 | B141: Million gold 10ml for her spray edp | C141: Million gold 10ml for her spray edp 15$ | D141: 15 | E141: 10ml | G141: کانادا | H141: عطر و ادکلن | I141: photo_1819@16-05-2026_18-53-18.jpg | N141: =D141*تنظیمات!$B$3*تنظیمات!$B$5+(F141/1000)*تنظیمات!$B$4
A142: IMP-0138 | B142: Dolce & Gabbana | C142: Dolce & Gabbana 10ml 15$ مردانه | D142: 15 | E142: 10ml | G142: کانادا | H142: عطر و ادکلن | I142: photo_1820@16-05-2026_18-53-18.jpg | N142: =D142*تنظیمات!$B$3*تنظیمات!$B$5+(F142/1000)*تنظیمات!$B$4
A143: IMP-0139 | B143: Sauvage edp | C143: Sauvage edp 10ml 15$ | D143: 15 | E143: 10ml | G143: کانادا | H143: عطر و ادکلن | I143: photo_1821@16-05-2026_18-53-19.jpg | N143: =D143*تنظیمات!$B$3*تنظیمات!$B$5+(F143/1000)*تنظیمات!$B$4
A144: IMP-0140 | B144: Sauvage Elixir | C144: Sauvage Elixir 7.5ml 16$ | D144: 16 | E144: 7.5ml | G144: کانادا | H144: عطر و ادکلن | I144: photo_1822@16-05-2026_18-53-19.jpg | N144: =D144*تنظیمات!$B$3*تنظیمات!$B$5+(F144/1000)*تنظیمات!$B$4
A145: IMP-0141 | B145: ‏love spell | C145: ‏love spell ‏ ‌‏‌‎جادوی عشق بادی میست و لوشن قوی و سکسی ‌‏‌‎شیرین‌و‌ کمی گرم ،میوه ای قوی ‌‏‌‎ با پخش بوی بالا ‌‏‌‎با رایحه ی شکوفه های هلو و گیلاس ‌‎250ml 8$ 272gr | D145: 8 | E145: 250ml | F145: 272 | G145: کانادا | H145: عطر و ادکلن | I145: photo_1827@16-05-2026_19-07-00.jpg | N145: =D145*تنظیمات!$B$3*تنظیمات!$B$5+(F145/1000)*تنظیمات!$B$4
...

Sheet راهنما
A1: راهنمای ورود محصولات در بات
A3: ۱ | B3: هر ردیف در شیت محصولات یک محصول است.
A4: ۲ | B4: نام فایل عکس‌ها را در ستون‌های عکس ۱ تا عکس ۳ وارد کنید؛ خود عکس را داخل سلول نچسبانید.
A5: ۳ | B5: عکس‌ها را کنار فایل Excel قرار دهید یا همه را همراه Excel در یک ZIP بگذارید.
A6: ۴ | B6: نام فایل‌ها باید دقیقاً با مقدار ستون‌های عکس یکسان باشد؛ پسوند jpg، jpeg یا png قابل استفاده است.
A7: ۵ | B7: اگر محصول بیشتر از ۳ عکس دارد، عکس‌های اضافه را با الگوی SKU-001-4.jpg نام‌گذاری کنید؛ در نسخه بات می‌توانیم ستون عکس‌های بیشتر اضافه کنیم.
A8: ۶ | B8: توضیحات دستی اختیاری است؛ اگر خالی باشد، بات می‌تواند بعداً با AI توضیح فروشگاهی تولید کند.
A9: ۷ | B9: قیمت نهایی از شیت تنظیمات محاسبه می‌شود و بات هنگام ورود اطلاعات دوباره آن را محاسبه می‌کند.
A10: ۸ | B10: فایل نهایی را از منوی بات با دکمه «📥 ورود اکسل» ارسال کنید.
A11: ۹ | B11: محصولات گروه عطر از فایل Telegram استخراج شده‌اند؛ عکس‌ها در ستون‌های عکس با نام فایل ثبت شده‌اند.
A12: ۱۰ | B12: برای نمایش عکس‌ها در Railway، خود فایل‌های عکس باید جداگانه در بات آپلود شوند؛ Excel فقط اطلاعات و نام فایل را منتقل می‌کند.

Sheet تنظیمات
A1: تنظیمات محاسبه قیمت
A3: نرخ دلار (تومان) | B3: 200000
A4: هزینه حمل هر کیلو (تومان) | B4: 8000000
A5: ضریب قیمت | B5: 1.5
A7: فرمول | B7: (قیمت دلار × نرخ دلار × ضریب) + (وزن به کیلو × هزینه حمل)
